<?xml version="1.0" encoding="UTF-8"?><idempiere Name="2Pack_1.0.2" Version="1.0.2" idempiereVersion="" DataBaseVersion="" Description="" Author="" AuthorEmail="" CreatedDate="2021-01-16 09:27:48.789" UpdatedDate="2021-01-16 09:27:48.789" PackOutVersion="100" UpdateDictionary="false" Client="0-SYSTEM-System" AD_Client_UU="11237b53-9592-4af1-b3c5-afd216514b5d">
    <AD_Menu type="table">
        <Parent_ID reference="id">236</Parent_ID>
        <SeqNo>29</SeqNo>
        <AD_Client_ID>0</AD_Client_ID>
        <AD_Org_ID>0</AD_Org_ID>
        <Name>Bank Loan</Name>
        <Description/>
        <Action>W</Action>
        <AD_Window_ID reference="uuid" reference-key="AD_Window">4f47fde8-554f-4afb-8f10-fdb929536396</AD_Window_ID>
        <AD_Workflow_ID reference="id"/>
        <AD_Task_ID reference="id"/>
        <IsActive>Y</IsActive>
        <IsSummary>N</IsSummary>
        <AD_Process_ID reference="id"/>
        <IsSOTrx>Y</IsSOTrx>
        <AD_Form_ID reference="id"/>
        <IsReadOnly>N</IsReadOnly>
        <EntityType>ING</EntityType>
        <IsCentrallyMaintained>Y</IsCentrallyMaintained>
        <AD_Menu_UU>b0d1f258-3833-4d83-be7c-88dd99bf74c4</AD_Menu_UU>
        <AD_InfoWindow_ID reference="id"/>
        <AD_Menu_Trl type="translation">
            <Description/>
            <Name>Préstamo bancario</Name>
            <AD_Language>es_CO</AD_Language>
            <IsActive>Y</IsActive>
            <IsTranslated>Y</IsTranslated>
        </AD_Menu_Trl>
        <AD_Element type="table">
            <AD_Client_ID>0</AD_Client_ID>
            <AD_Org_ID>0</AD_Org_ID>
            <IsActive>Y</IsActive>
            <ColumnName>CreateLines</ColumnName>
            <Name>CreateLines</Name>
            <Description/>
            <Help/>
            <PrintName>CreateLines</PrintName>
            <PO_Description/>
            <PO_Help/>
            <PO_Name/>
            <PO_PrintName/>
            <EntityType>ING</EntityType>
            <AD_Element_UU>a6a3be8f-4c85-4d99-838e-f879d2a4eb31</AD_Element_UU>
            <Placeholder/>
            <AD_Element_Trl type="translation">
                <Description/>
                <Help/>
                <Name>Generar Lineas</Name>
                <PO_Description/>
                <PO_Help/>
                <PO_Name/>
                <PO_PrintName/>
                <Placeholder/>
                <PrintName>Generar Lineas</PrintName>
                <AD_Language>es_CO</AD_Language>
                <IsActive>Y</IsActive>
                <IsTranslated>Y</IsTranslated>
            </AD_Element_Trl>
        </AD_Element>
        <AD_Process type="table">
            <AD_Client_ID>0</AD_Client_ID>
            <AD_Org_ID>0</AD_Org_ID>
            <IsActive>Y</IsActive>
            <Name>GenBankLoanFees</Name>
            <Description/>
            <Help/>
            <ProcedureName/>
            <IsReport>N</IsReport>
            <Value>GenBankLoanFees</Value>
            <IsDirectPrint>N</IsDirectPrint>
            <AD_ReportView_ID reference="id"/>
            <Classname>com.ingeint.process.GenBankLoanFees</Classname>
            <AccessLevel>3</AccessLevel>
            <EntityType>ING</EntityType>
            <Statistic_Count>64</Statistic_Count>
            <Statistic_Seconds>64</Statistic_Seconds>
            <AD_PrintFormat_ID reference="id"/>
            <WorkflowValue/>
            <AD_Workflow_ID reference="id"/>
            <IsBetaFunctionality>N</IsBetaFunctionality>
            <IsServerProcess>N</IsServerProcess>
            <ShowHelp>S</ShowHelp>
            <JasperReport/>
            <AD_Form_ID reference="id"/>
            <CopyFromProcess>N</CopyFromProcess>
            <AD_Process_UU>1ca7c4ba-3492-4f74-b4cb-7053c2d11164</AD_Process_UU>
            <AD_CtxHelp_ID reference="id"/>
            <ExecutionType/>
            <AllowMultipleExecution>P</AllowMultipleExecution>
            <AD_Process_Trl type="translation">
                <Description/>
                <Help/>
                <Name>Generar lineas préstamo</Name>
                <AD_Language>es_CO</AD_Language>
                <IsActive>Y</IsActive>
                <IsTranslated>Y</IsTranslated>
            </AD_Process_Trl>
        </AD_Process>
        <AD_Column type="table">
            <IsSyncDatabase>Y</IsSyncDatabase>
            <AD_Table_ID reference="uuid" reference-key="AD_Table">a2a15726-ec7a-402b-a09f-f5e83e32d806</AD_Table_ID>
            <AD_Reference_Value_ID reference="id"/>
            <AD_Client_ID>0</AD_Client_ID>
            <AD_Org_ID>0</AD_Org_ID>
            <Version>0</Version>
            <Name>CreateLines</Name>
            <Description/>
            <Help/>
            <AD_Val_Rule_ID reference="id"/>
            <ColumnName>CreateLines</ColumnName>
            <DefaultValue/>
            <FieldLength>1</FieldLength>
            <IsKey>N</IsKey>
            <IsParent>N</IsParent>
            <IsMandatory>N</IsMandatory>
            <IsTranslated>N</IsTranslated>
            <IsIdentifier>N</IsIdentifier>
            <SeqNo>0</SeqNo>
            <IsEncrypted>N</IsEncrypted>
            <AD_Reference_ID reference="id">28</AD_Reference_ID>
            <IsActive>Y</IsActive>
            <VFormat/>
            <Callout/>
            <AD_Element_ID reference="uuid" reference-key="AD_Element">a6a3be8f-4c85-4d99-838e-f879d2a4eb31</AD_Element_ID>
            <IsUpdateable>Y</IsUpdateable>
            <AD_Process_ID reference="uuid" reference-key="AD_Process">1ca7c4ba-3492-4f74-b4cb-7053c2d11164</AD_Process_ID>
            <ValueMin/>
            <ValueMax/>
            <IsSelectionColumn>N</IsSelectionColumn>
            <ReadOnlyLogic/>
            <EntityType>ING</EntityType>
            <IsAlwaysUpdateable>N</IsAlwaysUpdateable>
            <ColumnSQL/>
            <MandatoryLogic/>
            <IsAutocomplete>N</IsAutocomplete>
            <IsAllowLogging>Y</IsAllowLogging>
            <FormatPattern/>
            <AD_Chart_ID reference="id"/>
            <AD_Column_UU>80eabd26-c9b2-4050-8d1c-b7c0c667fb91</AD_Column_UU>
            <IsAllowCopy>Y</IsAllowCopy>
            <SeqNoSelection>0</SeqNoSelection>
            <IsToolbarButton>B</IsToolbarButton>
            <IsSecure>N</IsSecure>
            <FKConstraintName/>
            <FKConstraintType>N</FKConstraintType>
            <PA_DashboardContent_ID reference="id"/>
            <Placeholder/>
            <IsHtml>N</IsHtml>
        </AD_Column>
        <AD_Field type="table">
            <AD_Client_ID>0</AD_Client_ID>
            <AD_Org_ID>0</AD_Org_ID>
            <Name>GenBankLoanFees</Name>
            <Description/>
            <Help/>
            <AD_Tab_ID reference="uuid" reference-key="AD_Tab">1ee6843b-c63d-486e-90b4-c22e28fffc82</AD_Tab_ID>
            <AD_Column_ID reference="uuid" reference-key="AD_Column">80eabd26-c9b2-4050-8d1c-b7c0c667fb91</AD_Column_ID>
            <IsDisplayed>Y</IsDisplayed>
            <DisplayLogic/>
            <DisplayLength>1</DisplayLength>
            <SeqNo>150</SeqNo>
            <SortNo/>
            <IsSameLine>N</IsSameLine>
            <IsHeading>N</IsHeading>
            <IsFieldOnly>N</IsFieldOnly>
            <IsEncrypted>N</IsEncrypted>
            <IsActive>Y</IsActive>
            <IsReadOnly>N</IsReadOnly>
            <IsCentrallyMaintained>Y</IsCentrallyMaintained>
            <AD_FieldGroup_ID reference="id"/>
            <EntityType>ING</EntityType>
            <ObscureType/>
            <AD_Reference_ID reference="id"/>
            <IsMandatory/>
            <DefaultValue/>
            <AD_Reference_Value_ID reference="id"/>
            <AD_Val_Rule_ID reference="id"/>
            <Included_Tab_ID reference="id"/>
            <AD_Field_UU>3d096609-877a-4e0d-be65-12071b5a7cb3</AD_Field_UU>
            <IsAllowCopy/>
            <IsDisplayedGrid>Y</IsDisplayedGrid>
            <SeqNoGrid>240</SeqNoGrid>
            <XPosition>2</XPosition>
            <ColumnSpan>2</ColumnSpan>
            <NumLines>1</NumLines>
            <IsQuickEntry>N</IsQuickEntry>
            <IsUpdateable/>
            <IsAlwaysUpdateable/>
            <MandatoryLogic/>
            <ReadOnlyLogic/>
            <IsToolbarButton/>
            <IsDefaultFocus>N</IsDefaultFocus>
            <IsAdvancedField>N</IsAdvancedField>
            <VFormat/>
            <AD_LabelStyle_ID reference="id"/>
            <AD_FieldStyle_ID reference="id"/>
            <Placeholder/>
            <AD_Field_Trl type="translation">
                <Description/>
                <Help/>
                <Name>Generar lineas préstamo</Name>
                <Placeholder/>
                <AD_Language>es_CO</AD_Language>
                <IsActive>Y</IsActive>
                <IsTranslated>Y</IsTranslated>
            </AD_Field_Trl>
        </AD_Field>
        <AD_Field type="table">
            <AD_Client_ID>0</AD_Client_ID>
            <AD_Org_ID>0</AD_Org_ID>
            <Name>Document Status</Name>
            <Description>The current status of the document</Description>
            <Help>The Document Status indicates the status of a document at this time.  If you want to change the document status, use the Document Action field</Help>
            <AD_Tab_ID reference="uuid" reference-key="AD_Tab">1ee6843b-c63d-486e-90b4-c22e28fffc82</AD_Tab_ID>
            <AD_Column_ID reference="uuid" reference-key="AD_Column">f12ffdc9-9568-4566-b480-518240eb2397</AD_Column_ID>
            <IsDisplayed>Y</IsDisplayed>
            <DisplayLogic/>
            <DisplayLength>2</DisplayLength>
            <SeqNo>160</SeqNo>
            <SortNo/>
            <IsSameLine>N</IsSameLine>
            <IsHeading>N</IsHeading>
            <IsFieldOnly>N</IsFieldOnly>
            <IsEncrypted>N</IsEncrypted>
            <IsActive>Y</IsActive>
            <IsReadOnly>Y</IsReadOnly>
            <IsCentrallyMaintained>Y</IsCentrallyMaintained>
            <AD_FieldGroup_ID reference="id">114</AD_FieldGroup_ID>
            <EntityType>ING</EntityType>
            <ObscureType/>
            <AD_Reference_ID reference="id"/>
            <IsMandatory/>
            <DefaultValue/>
            <AD_Reference_Value_ID reference="id"/>
            <AD_Val_Rule_ID reference="id"/>
            <Included_Tab_ID reference="id"/>
            <AD_Field_UU>fd37cbbe-1ca7-4d91-8e54-4eff78958f68</AD_Field_UU>
            <IsAllowCopy/>
            <IsDisplayedGrid>Y</IsDisplayedGrid>
            <SeqNoGrid>100</SeqNoGrid>
            <XPosition>1</XPosition>
            <ColumnSpan>2</ColumnSpan>
            <NumLines>1</NumLines>
            <IsQuickEntry>N</IsQuickEntry>
            <IsUpdateable/>
            <IsAlwaysUpdateable/>
            <MandatoryLogic/>
            <ReadOnlyLogic/>
            <IsToolbarButton/>
            <IsDefaultFocus>N</IsDefaultFocus>
            <IsAdvancedField>N</IsAdvancedField>
            <VFormat/>
            <AD_LabelStyle_ID reference="id"/>
            <AD_FieldStyle_ID reference="id"/>
            <Placeholder/>
            <AD_Field_Trl type="translation">
                <Description>El estado actual del documento</Description>
                <Help>El estado del documento indica el estado del documento en este momento. Si usted quiere cambiar el estado de Documento; use el campo acción de documento</Help>
                <Name>Estado del Documento</Name>
                <Placeholder/>
                <AD_Language>es_CO</AD_Language>
                <IsActive>Y</IsActive>
                <IsTranslated>Y</IsTranslated>
            </AD_Field_Trl>
        </AD_Field>
        <AD_Field type="table">
            <AD_Client_ID>0</AD_Client_ID>
            <AD_Org_ID>0</AD_Org_ID>
            <Name>Document Type</Name>
            <Description>Document type or rules</Description>
            <Help>The Document Type determines document sequence and processing rules</Help>
            <AD_Tab_ID reference="uuid" reference-key="AD_Tab">1ee6843b-c63d-486e-90b4-c22e28fffc82</AD_Tab_ID>
            <AD_Column_ID reference="uuid" reference-key="AD_Column">288bda77-25f2-482d-9b0b-1a72f9e7e58e</AD_Column_ID>
            <IsDisplayed>Y</IsDisplayed>
            <DisplayLogic/>
            <DisplayLength>22</DisplayLength>
            <SeqNo>170</SeqNo>
            <SortNo/>
            <IsSameLine>N</IsSameLine>
            <IsHeading>N</IsHeading>
            <IsFieldOnly>N</IsFieldOnly>
            <IsEncrypted>N</IsEncrypted>
            <IsActive>Y</IsActive>
            <IsReadOnly>Y</IsReadOnly>
            <IsCentrallyMaintained>Y</IsCentrallyMaintained>
            <AD_FieldGroup_ID reference="id"/>
            <EntityType>ING</EntityType>
            <ObscureType/>
            <AD_Reference_ID reference="id"/>
            <IsMandatory/>
            <DefaultValue/>
            <AD_Reference_Value_ID reference="id"/>
            <AD_Val_Rule_ID reference="id"/>
            <Included_Tab_ID reference="id"/>
            <AD_Field_UU>f7354e08-3ac7-4549-9fff-e49f90d78978</AD_Field_UU>
            <IsAllowCopy/>
            <IsDisplayedGrid>Y</IsDisplayedGrid>
            <SeqNoGrid>120</SeqNoGrid>
            <XPosition>4</XPosition>
            <ColumnSpan>2</ColumnSpan>
            <NumLines>1</NumLines>
            <IsQuickEntry>N</IsQuickEntry>
            <IsUpdateable/>
            <IsAlwaysUpdateable/>
            <MandatoryLogic/>
            <ReadOnlyLogic/>
            <IsToolbarButton/>
            <IsDefaultFocus>N</IsDefaultFocus>
            <IsAdvancedField>N</IsAdvancedField>
            <VFormat/>
            <AD_LabelStyle_ID reference="id"/>
            <AD_FieldStyle_ID reference="id"/>
            <Placeholder/>
            <AD_Field_Trl type="translation">
                <Description>Tipo de documento</Description>
                <Help>Tipo de documento</Help>
                <Name>Tipo de documento</Name>
                <Placeholder/>
                <AD_Language>es_CO</AD_Language>
                <IsActive>Y</IsActive>
                <IsTranslated>Y</IsTranslated>
            </AD_Field_Trl>
        </AD_Field>
        <AD_Field type="table">
            <AD_Client_ID>0</AD_Client_ID>
            <AD_Org_ID>0</AD_Org_ID>
            <Name>Process_BankLoan</Name>
            <Description/>
            <Help/>
            <AD_Tab_ID reference="uuid" reference-key="AD_Tab">1ee6843b-c63d-486e-90b4-c22e28fffc82</AD_Tab_ID>
            <AD_Column_ID reference="uuid" reference-key="AD_Column">88ddd3f0-b1fd-4b06-aede-8805deb2fcff</AD_Column_ID>
            <IsDisplayed>Y</IsDisplayed>
            <DisplayLogic/>
            <DisplayLength>2</DisplayLength>
            <SeqNo>180</SeqNo>
            <SortNo/>
            <IsSameLine>N</IsSameLine>
            <IsHeading>N</IsHeading>
            <IsFieldOnly>N</IsFieldOnly>
            <IsEncrypted>N</IsEncrypted>
            <IsActive>Y</IsActive>
            <IsReadOnly>N</IsReadOnly>
            <IsCentrallyMaintained>Y</IsCentrallyMaintained>
            <AD_FieldGroup_ID reference="id"/>
            <EntityType>ING</EntityType>
            <ObscureType/>
            <AD_Reference_ID reference="id"/>
            <IsMandatory/>
            <DefaultValue/>
            <AD_Reference_Value_ID reference="id"/>
            <AD_Val_Rule_ID reference="id"/>
            <Included_Tab_ID reference="id"/>
            <AD_Field_UU>77e96dac-2470-4f75-8f8e-9d948c65d30a</AD_Field_UU>
            <IsAllowCopy/>
            <IsDisplayedGrid>Y</IsDisplayedGrid>
            <SeqNoGrid>110</SeqNoGrid>
            <XPosition>5</XPosition>
            <ColumnSpan>2</ColumnSpan>
            <NumLines>1</NumLines>
            <IsQuickEntry>N</IsQuickEntry>
            <IsUpdateable/>
            <IsAlwaysUpdateable/>
            <MandatoryLogic/>
            <ReadOnlyLogic/>
            <IsToolbarButton/>
            <IsDefaultFocus>N</IsDefaultFocus>
            <IsAdvancedField>N</IsAdvancedField>
            <VFormat/>
            <AD_LabelStyle_ID reference="id"/>
            <AD_FieldStyle_ID reference="id"/>
            <Placeholder/>
            <AD_Field_Trl type="translation">
                <Description/>
                <Help/>
                <Name>Procesar_PrestamoBancario</Name>
                <Placeholder/>
                <AD_Language>es_CO</AD_Language>
                <IsActive>Y</IsActive>
                <IsTranslated>Y</IsTranslated>
            </AD_Field_Trl>
        </AD_Field>
        <AD_Field type="table">
            <AD_Client_ID>0</AD_Client_ID>
            <AD_Org_ID>0</AD_Org_ID>
            <Name>Processed</Name>
            <Description>The document has been processed</Description>
            <Help>The Processed checkbox indicates that a document has been processed.</Help>
            <AD_Tab_ID reference="uuid" reference-key="AD_Tab">1ee6843b-c63d-486e-90b4-c22e28fffc82</AD_Tab_ID>
            <AD_Column_ID reference="uuid" reference-key="AD_Column">9d3a5693-129c-478e-a891-59e6b5e4257a</AD_Column_ID>
            <IsDisplayed>Y</IsDisplayed>
            <DisplayLogic/>
            <DisplayLength>1</DisplayLength>
            <SeqNo>190</SeqNo>
            <SortNo/>
            <IsSameLine>N</IsSameLine>
            <IsHeading>N</IsHeading>
            <IsFieldOnly>N</IsFieldOnly>
            <IsEncrypted>N</IsEncrypted>
            <IsActive>Y</IsActive>
            <IsReadOnly>Y</IsReadOnly>
            <IsCentrallyMaintained>Y</IsCentrallyMaintained>
            <AD_FieldGroup_ID reference="id"/>
            <EntityType>ING</EntityType>
            <ObscureType/>
            <AD_Reference_ID reference="id"/>
            <IsMandatory/>
            <DefaultValue/>
            <AD_Reference_Value_ID reference="id"/>
            <AD_Val_Rule_ID reference="id"/>
            <Included_Tab_ID reference="id"/>
            <AD_Field_UU>af5502f9-587b-4e50-845e-b51bc922da76</AD_Field_UU>
            <IsAllowCopy/>
            <IsDisplayedGrid>Y</IsDisplayedGrid>
            <SeqNoGrid>70</SeqNoGrid>
            <XPosition>5</XPosition>
            <ColumnSpan>2</ColumnSpan>
            <NumLines>1</NumLines>
            <IsQuickEntry>N</IsQuickEntry>
            <IsUpdateable/>
            <IsAlwaysUpdateable/>
            <MandatoryLogic/>
            <ReadOnlyLogic/>
            <IsToolbarButton/>
            <IsDefaultFocus>N</IsDefaultFocus>
            <IsAdvancedField>N</IsAdvancedField>
            <VFormat/>
            <AD_LabelStyle_ID reference="id"/>
            <AD_FieldStyle_ID reference="id"/>
            <Placeholder/>
            <AD_Field_Trl type="translation">
                <Description>El documento ha sido procesado</Description>
                <Help>El cuadro de verificación procesada indica que un documento ha sido procesado</Help>
                <Name>Procesado</Name>
                <Placeholder/>
                <AD_Language>es_CO</AD_Language>
                <IsActive>Y</IsActive>
                <IsTranslated>Y</IsTranslated>
            </AD_Field_Trl>
        </AD_Field>
    </AD_Menu>
    <AD_Column type="table">
        <IsSyncDatabase>Y</IsSyncDatabase>
        <AD_Table_ID reference="id">297</AD_Table_ID>
        <AD_Reference_Value_ID reference="id"/>
        <AD_Client_ID>0</AD_Client_ID>
        <AD_Org_ID>0</AD_Org_ID>
        <Version>0</Version>
        <Name>Business Partner </Name>
        <Description>Identifies a Business Partner</Description>
        <Help>A Business Partner is anyone with whom you transact.  This can include Vendor, Customer, Employee or Salesperson</Help>
        <AD_Val_Rule_ID reference="id"/>
        <ColumnName>C_BPartner_ID</ColumnName>
        <DefaultValue/>
        <FieldLength>22</FieldLength>
        <IsKey>N</IsKey>
        <IsParent>N</IsParent>
        <IsMandatory>N</IsMandatory>
        <IsTranslated>N</IsTranslated>
        <IsIdentifier>N</IsIdentifier>
        <SeqNo>0</SeqNo>
        <IsEncrypted>N</IsEncrypted>
        <AD_Reference_ID reference="id">30</AD_Reference_ID>
        <IsActive>Y</IsActive>
        <VFormat/>
        <Callout/>
        <AD_Element_ID reference="id">187</AD_Element_ID>
        <IsUpdateable>Y</IsUpdateable>
        <AD_Process_ID reference="id"/>
        <ValueMin/>
        <ValueMax/>
        <IsSelectionColumn>N</IsSelectionColumn>
        <ReadOnlyLogic/>
        <EntityType>ING</EntityType>
        <IsAlwaysUpdateable>N</IsAlwaysUpdateable>
        <ColumnSQL/>
        <MandatoryLogic/>
        <IsAutocomplete>N</IsAutocomplete>
        <IsAllowLogging>Y</IsAllowLogging>
        <FormatPattern/>
        <AD_Chart_ID reference="id"/>
        <AD_Column_UU>f0ef76b2-8075-4f46-924b-0c79c4c61a69</AD_Column_UU>
        <IsAllowCopy>Y</IsAllowCopy>
        <SeqNoSelection>0</SeqNoSelection>
        <IsToolbarButton>N</IsToolbarButton>
        <IsSecure>N</IsSecure>
        <FKConstraintName>CBPartner_CBankAccount</FKConstraintName>
        <FKConstraintType>N</FKConstraintType>
        <PA_DashboardContent_ID reference="id"/>
        <Placeholder/>
        <IsHtml>N</IsHtml>
    </AD_Column>
    <AD_Field type="table">
        <AD_Client_ID>0</AD_Client_ID>
        <AD_Org_ID>0</AD_Org_ID>
        <Name>Business Partner </Name>
        <Description>Identifies a Business Partner</Description>
        <Help>A Business Partner is anyone with whom you transact.  This can include Vendor, Customer, Employee or Salesperson</Help>
        <AD_Tab_ID reference="id">228</AD_Tab_ID>
        <AD_Column_ID reference="uuid" reference-key="AD_Column">f0ef76b2-8075-4f46-924b-0c79c4c61a69</AD_Column_ID>
        <IsDisplayed>Y</IsDisplayed>
        <DisplayLogic/>
        <DisplayLength>22</DisplayLength>
        <SeqNo>70</SeqNo>
        <SortNo/>
        <IsSameLine>N</IsSameLine>
        <IsHeading>N</IsHeading>
        <IsFieldOnly>N</IsFieldOnly>
        <IsEncrypted>N</IsEncrypted>
        <IsActive>Y</IsActive>
        <IsReadOnly>N</IsReadOnly>
        <IsCentrallyMaintained>Y</IsCentrallyMaintained>
        <AD_FieldGroup_ID reference="id"/>
        <EntityType>ING</EntityType>
        <ObscureType/>
        <AD_Reference_ID reference="id"/>
        <IsMandatory/>
        <DefaultValue/>
        <AD_Reference_Value_ID reference="id"/>
        <AD_Val_Rule_ID reference="id"/>
        <Included_Tab_ID reference="id"/>
        <AD_Field_UU>41488a32-5d73-4331-a002-d90ca06ae6eb</AD_Field_UU>
        <IsAllowCopy/>
        <IsDisplayedGrid>Y</IsDisplayedGrid>
        <SeqNoGrid>170</SeqNoGrid>
        <XPosition>4</XPosition>
        <ColumnSpan>2</ColumnSpan>
        <NumLines>1</NumLines>
        <IsQuickEntry>N</IsQuickEntry>
        <IsUpdateable/>
        <IsAlwaysUpdateable/>
        <MandatoryLogic/>
        <ReadOnlyLogic/>
        <IsToolbarButton/>
        <IsDefaultFocus>N</IsDefaultFocus>
        <IsAdvancedField>N</IsAdvancedField>
        <VFormat/>
        <AD_LabelStyle_ID reference="id"/>
        <AD_FieldStyle_ID reference="id"/>
        <Placeholder/>
        <AD_Field_Trl type="translation">
            <Description>Identifica un Tercero</Description>
            <Help>Un tercero es cualquiera con quien usted realiza transacciones. Este puede incluir Proveedores, Clientes, Empleados o Vendedores.</Help>
            <Name>Tercero</Name>
            <Placeholder/>
            <AD_Language>es_CO</AD_Language>
            <IsActive>Y</IsActive>
            <IsTranslated>Y</IsTranslated>
        </AD_Field_Trl>
    </AD_Field>
</idempiere>
