<?xml version="1.0" encoding="UTF-8"?><idempiere Name="AD_Process" Version="1.0.0" idempiereVersion="7.1.0.202008281751" DataBaseVersion="2019-11-22" Description="" Author="Orlando Curieles" AuthorEmail="" CreatedDate="Tue Jan 19 10:42:20 ECT 2021" UpdatedDate="Tue Jan 19 10:42:20 ECT 2021" PackOutVersion="100" UpdateDictionary="true" Client="0-SYSTEM-System" AD_Client_UU="11237b53-9592-4af1-b3c5-afd216514b5d">
    <AD_Process type="table">
        <AD_Client_ID>0</AD_Client_ID>
        <AD_Org_ID>0</AD_Org_ID>
        <IsActive>Y</IsActive>
        <Name>GenBankLoanFees</Name>
        <Description/>
        <Help/>
        <ProcedureName/>
        <IsReport>N</IsReport>
        <Value>GenBankLoanFees</Value>
        <IsDirectPrint>N</IsDirectPrint>
        <AD_ReportView_ID reference="id"/>
        <Classname>com.ingeint.process.GenBankLoanFees</Classname>
        <AccessLevel>3</AccessLevel>
        <EntityType>ING</EntityType>
        <Statistic_Count>64</Statistic_Count>
        <Statistic_Seconds>64</Statistic_Seconds>
        <AD_PrintFormat_ID reference="id"/>
        <WorkflowValue/>
        <AD_Workflow_ID reference="id"/>
        <IsBetaFunctionality>N</IsBetaFunctionality>
        <IsServerProcess>N</IsServerProcess>
        <ShowHelp>S</ShowHelp>
        <JasperReport/>
        <AD_Form_ID reference="id"/>
        <CopyFromProcess>N</CopyFromProcess>
        <AD_Process_UU>1ca7c4ba-3492-4f74-b4cb-7053c2d11164</AD_Process_UU>
        <AD_CtxHelp_ID reference="id"/>
        <ExecutionType/>
        <AllowMultipleExecution/>
        <AD_Process_Trl type="translation">
            <Description/>
            <Help/>
            <Name>Generar lineas préstamo</Name>
            <AD_Language>es_EC</AD_Language>
            <IsActive>Y</IsActive>
            <IsTranslated>Y</IsTranslated>
        </AD_Process_Trl>
    </AD_Process>
    <AD_Process type="table">
        <AD_Client_ID>0</AD_Client_ID>
        <AD_Org_ID>0</AD_Org_ID>
        <IsActive>Y</IsActive>
        <Name>GenLoanPayment</Name>
        <Description/>
        <Help/>
        <ProcedureName/>
        <IsReport>N</IsReport>
        <Value>GenLoanPayment</Value>
        <IsDirectPrint>N</IsDirectPrint>
        <AD_ReportView_ID reference="id"/>
        <Classname>com.ingeint.process.GenLoanPayment</Classname>
        <AccessLevel>3</AccessLevel>
        <EntityType>ING</EntityType>
        <Statistic_Count>97</Statistic_Count>
        <Statistic_Seconds>109</Statistic_Seconds>
        <AD_PrintFormat_ID reference="id"/>
        <WorkflowValue/>
        <AD_Workflow_ID reference="id"/>
        <IsBetaFunctionality>N</IsBetaFunctionality>
        <IsServerProcess>N</IsServerProcess>
        <ShowHelp>Y</ShowHelp>
        <JasperReport/>
        <AD_Form_ID reference="id"/>
        <CopyFromProcess>N</CopyFromProcess>
        <AD_Process_UU>522aa48d-5436-4ede-9364-2d799a28e1b4</AD_Process_UU>
        <AD_CtxHelp_ID reference="id"/>
        <ExecutionType/>
        <AllowMultipleExecution/>
        <AD_Process_Trl type="translation">
            <Description/>
            <Help/>
            <Name>Generar pago préstamo</Name>
            <AD_Language>es_EC</AD_Language>
            <IsActive>Y</IsActive>
            <IsTranslated>Y</IsTranslated>
        </AD_Process_Trl>
        <AD_Reference type="table">
            <AD_Reference_ID>15</AD_Reference_ID>
            <AD_Client_ID>0</AD_Client_ID>
            <AD_Org_ID>0</AD_Org_ID>
            <AD_Reference_ID>15</AD_Reference_ID>
            <Name>Date</Name>
            <Description>Date mm/dd/yyyy</Description>
            <Help/>
            <ValidationType>D</ValidationType>
            <IsActive>Y</IsActive>
            <VFormat/>
            <EntityType>D</EntityType>
            <IsOrderByValue>N</IsOrderByValue>
            <AD_Reference_UU>fea92a20-5ea7-445c-b010-101d74f5e124</AD_Reference_UU>
            <AD_Element_ID reference="id"/>
            <AD_Reference_Trl type="translation">
                <Description>Date mm/dd/yyyy</Description>
                <Help/>
                <Name>Date</Name>
                <AD_Language>es_EC</AD_Language>
                <IsActive>N</IsActive>
                <IsTranslated>N</IsTranslated>
            </AD_Reference_Trl>
        </AD_Reference>
        <AD_Element type="table">
            <AD_Element_ID>263</AD_Element_ID>
            <AD_Client_ID>0</AD_Client_ID>
            <AD_Org_ID>0</AD_Org_ID>
            <AD_Element_ID>263</AD_Element_ID>
            <IsActive>Y</IsActive>
            <ColumnName>DateAcct</ColumnName>
            <Name>Account Date</Name>
            <Description>Accounting Date</Description>
            <Help>The Accounting Date indicates the date to be used on the General Ledger account entries generated from this document. It is also used for any currency conversion.</Help>
            <PrintName>Acct Date</PrintName>
            <PO_Description/>
            <PO_Help/>
            <PO_Name/>
            <PO_PrintName/>
            <EntityType>D</EntityType>
            <AD_Element_UU>8c371fdb-6541-467a-8506-d0d9fffe8b0a</AD_Element_UU>
            <Placeholder/>
            <AD_Element_Trl type="translation">
                <Description>Fecha contable</Description>
                <Help>La fecha contable indica la fecha a ser usada en las cuentas de contabilidad general generadas desde este documento</Help>
                <Name>Fecha Contable</Name>
                <Placeholder/>
                <PO_Description/>
                <PO_Help/>
                <PO_Name/>
                <PO_PrintName/>
                <PrintName>Fecha Contable</PrintName>
                <AD_Language>es_EC</AD_Language>
                <IsActive>Y</IsActive>
                <IsTranslated>Y</IsTranslated>
            </AD_Element_Trl>
        </AD_Element>
        <AD_Process_Para type="table">
            <AD_Client_ID>0</AD_Client_ID>
            <AD_Org_ID>0</AD_Org_ID>
            <IsActive>Y</IsActive>
            <Name>Account Date</Name>
            <Description>Accounting Date</Description>
            <Help>The Accounting Date indicates the date to be used on the General Ledger account entries generated from this document. It is also used for any currency conversion.</Help>
            <AD_Process_ID reference="uuid" reference-key="AD_Process">522aa48d-5436-4ede-9364-2d799a28e1b4</AD_Process_ID>
            <SeqNo>10</SeqNo>
            <AD_Reference_ID reference="id">15</AD_Reference_ID>
            <AD_Reference_Value_ID reference="id"/>
            <IsRange>N</IsRange>
            <AD_Val_Rule_ID reference="id"/>
            <FieldLength>0</FieldLength>
            <IsMandatory>Y</IsMandatory>
            <DefaultValue/>
            <VFormat/>
            <ValueMin/>
            <ValueMax/>
            <ColumnName>DateAcct</ColumnName>
            <DefaultValue2/>
            <IsCentrallyMaintained>Y</IsCentrallyMaintained>
            <EntityType>ING</EntityType>
            <AD_Element_ID reference="id">263</AD_Element_ID>
            <ReadOnlyLogic/>
            <DisplayLogic/>
            <AD_Process_Para_UU>6f8fbeda-1146-43cb-8236-a459157d1283</AD_Process_Para_UU>
            <IsEncrypted>N</IsEncrypted>
            <MandatoryLogic/>
            <Placeholder/>
            <Placeholder2/>
            <AD_Process_Para_Trl type="translation">
                <Description>Fecha contable</Description>
                <Help>La fecha contable indica la fecha a ser usada en las cuentas de contabilidad general generadas desde este documento</Help>
                <Name>Fecha Contable</Name>
                <Placeholder/>
                <Placeholder2/>
                <AD_Language>es_EC</AD_Language>
                <IsActive>Y</IsActive>
                <IsTranslated>Y</IsTranslated>
            </AD_Process_Para_Trl>
        </AD_Process_Para>
    </AD_Process>
</idempiere>
