<?xml version="1.0" encoding="UTF-8"?><idempiere Name="AD_Process" Version="1.0.0" idempiereVersion="7.1.0.202008281751" DataBaseVersion="2019-11-22" Description="" Author="Orlando Curieles" AuthorEmail="" CreatedDate="Tue Jan 19 10:42:20 ECT 2021" UpdatedDate="Tue Jan 19 10:42:20 ECT 2021" PackOutVersion="100" UpdateDictionary="true" Client="0-SYSTEM-System" AD_Client_UU="11237b53-9592-4af1-b3c5-afd216514b5d">
    <AD_Process type="table">
        <AD_Client_ID>0</AD_Client_ID>
        <AD_Org_ID>0</AD_Org_ID>
        <IsActive>Y</IsActive>
        <Name>GenBankLoanFees</Name>
        <Description/>
        <Help/>
        <ProcedureName/>
        <IsReport>N</IsReport>
        <Value>GenBankLoanFees</Value>
        <IsDirectPrint>N</IsDirectPrint>
        <AD_ReportView_ID reference="id"/>
        <Classname>com.ingeint.process.GenBankLoanFees</Classname>
        <AccessLevel>3</AccessLevel>
        <EntityType>ING</EntityType>
        <Statistic_Count>64</Statistic_Count>
        <Statistic_Seconds>64</Statistic_Seconds>
        <AD_PrintFormat_ID reference="id"/>
        <WorkflowValue/>
        <AD_Workflow_ID reference="id"/>
        <IsBetaFunctionality>N</IsBetaFunctionality>
        <IsServerProcess>N</IsServerProcess>
        <ShowHelp>S</ShowHelp>
        <JasperReport/>
        <AD_Form_ID reference="id"/>
        <CopyFromProcess>N</CopyFromProcess>
        <AD_Process_UU>1ca7c4ba-3492-4f74-b4cb-7053c2d11164</AD_Process_UU>
        <AD_CtxHelp_ID reference="id"/>
        <ExecutionType/>
        <AllowMultipleExecution/>
        <AD_Process_Trl type="translation">
            <Description/>
            <Help/>
            <Name>Generar lineas préstamo</Name>
            <AD_Language>es_EC</AD_Language>
            <IsActive>Y</IsActive>
            <IsTranslated>Y</IsTranslated>
        </AD_Process_Trl>
    </AD_Process>
</idempiere>
